1950,1951,1952,1953,1954,1955,1956,1957,1958,1959,1960,1961,1962,1963,1964,1965,1966,1967,1968,1969,1970,1971,1972,1973,1974,1975,1976,1977,1978,1979,1980,1981,1982,1983,1984,1985,1986,1987,1988,1989,1990,1991,1992,1993,1994,1995,1996,1997,1998,1999,2000,2001,2002,2003,2004,2005,2006,2007,2008,2009,2010,2011,2012,2013,2014,2015,2016,2017,2018,2019,2020,2021,2022,2023
237.964,244.982,252.278,260.695,269.046,277.261,285.704,294.213,303.034,311.587,319.824,328.069,335.815,342.756,348.521,352.912,355.877,357.221,357.604,356.487,354.794,353.006,351.401,350.517,351.26,353.369,357.596,363.504,368.583,370.184,375.779,383.081,389.393,395.602,397.071,394.757,393.273,396.698,400.296,404.738,410.97,417.613,423.937,431.1,437.597,438.039,431.52,425.54,427.323,429.158,422.878,418.063,414.508,413.896,411.858,405.305,397.001,390.322,387.04,384.307,377.552,366.345,357.215,353.696,349.215,344.066,335.817,328.691,333.979,341.175,347.067,348.05,347.809,346.062
211.187,224.506,231.561,238.837,247.173,255.533,263.791,272.286,281.102,289.908,298.769,307.184,315.556,323.409,330.515,336.475,341.13,344.338,346.038,346.769,346.066,344.769,343.524,342.635,342.386,343.686,346.349,350.982,357.54,363.033,365.073,371.181,378.747,385.463,392.104,393.781,391.266,390.325,393.941,397.78,402.366,408.79,415.235,421.881,429.011,435.672,436.09,429.716,423.881,425.84,427.612,421.368,416.622,413.158,412.554,410.597,403.981,395.081,388.196,384.625,382.313,375.882,364.431,355.127,351.435,346.92,342.426,335.894,331.014,336.751,343.28,348.027,348.838,348.509
200.886,205.454,218.701,225.802,233.107,241.512,249.955,258.306,267.099,275.937,285.028,294.036,302.566,311.018,318.975,326.187,332.284,337.034,340.404,342.247,343.148,342.604,341.412,340.395,339.69,339.591,341.058,343.798,348.729,355.376,360.969,363.247,369.403,377.139,384.069,390.714,392.072,389.903,389.048,392.795,396.691,401.39,407.595,414.272,420.851,428.08,434.665,435.14,428.848,423.144,425.014,426.764,420.547,415.853,412.412,411.867,409.841,402.948,393.928,386.88,383.557,381.421,374.84,363.293,353.895,350.181,346.048,342.74,338.104,333.611,338.782,344.335,348.93,349.658
191.607,197.109,201.765,214.947,222.072,229.438,237.888,246.376,254.918,263.705,272.748,281.93,291.002,299.574,308.076,316.086,323.375,329.51,334.355,337.802,339.732,340.719,340.208,339.181,338.294,337.674,337.666,339.16,342.148,347.169,353.905,359.68,361.998,368.276,376.174,383.146,389.484,391.105,388.993,388.25,392.052,396.041,400.552,406.938,413.557,420.216,427.378,433.997,434.519,428.323,422.547,424.394,426.153,419.975,415.295,411.906,411.294,408.964,401.95,392.769,385.956,382.811,380.524,373.832,362.184,352.762,349.41,346.346,344.64,340.332,335.364,339.712,345.129,349.647
183.025,189.06,194.604,199.317,212.445,219.613,227.014,235.485,244.107,252.629,261.57,270.674,279.896,288.985,297.583,306.112,314.165,321.463,327.655,332.538,336.024,337.999,338.98,338.589,337.656,336.814,336.24,336.234,337.934,341.005,346.103,352.986,358.776,361.192,367.599,375.548,382.194,388.787,390.439,388.419,387.73,391.608,395.434,400.093,406.428,413.112,419.714,426.903,433.547,434.137,427.874,422.083,423.934,425.716,419.548,414.912,411.464,410.514,408.056,400.876,391.927,385.291,381.996,379.588,372.785,361.11,352.049,349.684,347.978,346.549,341.835,336.175,340.405,345.754
175.117,181.266,187.323,192.903,197.641,210.752,217.942,225.359,233.926,242.522,251.166,260.15,269.28,278.507,287.606,296.217,304.773,312.821,320.153,326.362,331.261,334.767,336.718,337.787,337.462,336.551,335.733,335.144,335.308,337.079,340.215,345.437,352.325,358.184,360.706,367.163,374.776,381.683,388.291,390.016,388.042,387.419,391.155,395.104,399.719,406.108,412.743,419.367,426.573,433.267,433.79,427.513,421.73,423.598,425.383,419.251,414.563,410.761,409.682,407.058,400.099,391.323,384.54,381.125,378.603,371.769,360.445,352.295,351.082,349.611,347.835,342.534,336.775,340.945
167.832,173.871,180.034,186.114,191.705,196.474,209.568,216.766,224.26,232.799,241.491,250.168,259.17,268.299,277.529,286.634,295.263,303.807,311.876,319.214,325.426,330.331,333.806,335.825,336.939,336.624,335.723,334.883,334.436,334.657,336.48,339.719,344.944,351.886,357.824,360.392,366.514,374.391,381.307,387.972,389.733,387.815,387.071,390.91,394.82,399.482,405.828,412.481,419.119,426.364,432.994,433.503,427.231,421.465,423.335,425.147,418.97,413.906,409.976,408.727,406.32,399.531,390.608,383.704,380.174,377.619,371.13,360.66,353.489,352.476,350.709,348.434,343.045,337.237
161.139,166.908,172.957,179.137,185.222,190.831,195.617,208.692,215.951,223.422,232.037,240.754,249.444,258.443,267.573,276.804,285.92,294.536,303.094,311.164,318.501,324.714,329.589,333.115,335.167,336.285,335.974,335.052,334.326,333.926,334.187,336.097,339.337,344.608,351.61,357.583,359.824,366.211,374.094,381.059,387.75,389.556,387.533,386.879,390.685,394.633,399.26,405.62,412.285,418.954,426.142,432.76,433.271,427.012,421.25,423.142,424.913,418.339,413.147,409.046,408.013,405.773,398.834,389.788,382.771,379.206,376.995,371.311,361.675,354.675,353.41,351.218,348.864,343.436
155.139,160.406,166.185,172.247,178.429,184.526,190.145,194.939,208.043,215.281,222.817,231.451,240.179,248.864,257.864,266.993,276.233,285.336,293.962,302.519,310.588,317.925,324.112,329.028,332.579,334.634,335.756,335.427,334.599,333.909,333.539,333.874,335.783,339.065,344.383,351.41,357.066,359.57,365.963,373.886,380.873,387.6,389.315,387.368,386.687,390.526,394.444,399.084,405.454,412.146,418.763,425.941,432.559,433.081,426.824,421.083,422.941,424.307,417.608,412.247,408.356,407.486,405.095,398.037,388.882,381.832,378.602,377.143,372.17,362.68,355.466,353.84,351.578,349.192
149.788,154.517,159.795,165.585,171.648,177.839,183.942,189.565,194.399,207.47,214.762,222.316,230.958,239.682,248.367,257.367,266.502,275.73,284.841,293.466,302.023,310.094,317.409,323.63,328.568,332.123,334.184,335.292,335.04,334.241,333.572,333.266,333.602,335.548,338.867,344.203,350.935,356.838,359.349,365.776,373.717,380.734,387.379,389.161,387.192,386.541,390.353,394.283,398.932,405.325,411.971,418.583,425.762,432.387,432.908,426.67,420.9,422.356,423.598,416.736,411.577,407.843,406.826,404.32,397.156,387.969,381.245,378.722,377.876,373.028,363.353,355.83,354.139,351.853
144.823,149.239,153.981,159.268,165.058,171.127,177.323,183.427,189.08,193.9,207.005,214.312,221.874,230.512,239.235,247.921,256.925,266.049,275.283,284.392,293.019,301.581,309.633,316.978,323.217,328.16,331.723,333.773,334.947,334.718,333.934,333.321,333.016,333.388,335.366,338.697,343.759,350.721,356.629,359.173,365.615,373.582,380.523,387.228,388.988,387.048,386.373,390.198,394.137,398.807,405.157,411.798,418.412,425.598,432.219,432.755,426.493,420.325,421.659,422.739,416.074,411.068,407.189,406.059,403.45,396.255,387.389,381.343,379.375,378.642,373.625,363.672,356.088,354.379
140.086,144.319,148.746,153.497,158.783,164.579,170.652,176.848,182.972,188.609,193.473,206.581,213.896,221.455,230.091,238.813,247.504,256.496,265.626,274.856,283.967,292.6,301.142,309.222,316.582,322.827,327.779,331.329,333.444,334.634,334.418,333.688,333.075,332.806,333.21,335.194,338.269,343.545,350.512,356.451,359.008,365.476,373.365,380.369,387.049,388.837,386.872,386.212,390.046,394.006,398.632,404.98,411.623,418.245,425.425,432.061,432.571,425.914,419.627,420.799,422.073,415.559,410.408,406.42,405.186,402.547,395.67,387.483,382.005,380.151,379.246,373.942,363.926,356.329
136.402,139.59,143.833,148.267,153.015,158.308,164.107,170.178,176.39,182.49,188.172,193.053,206.158,213.469,221.026,229.66,238.387,247.063,256.061,265.184,274.415,283.531,292.138,300.709,308.804,316.169,322.42,327.353,330.978,333.106,334.308,334.151,333.418,332.847,332.619,333.025,334.763,338.032,343.316,350.316,356.268,358.856,365.23,373.194,380.167,386.879,388.633,386.686,386.038,389.898,393.809,398.434,404.784,411.437,418.048,425.245,431.847,431.997,425.226,418.786,420.144,421.56,414.905,409.651,405.565,404.303,401.967,395.791,388.3,382.962,380.899,379.638,374.257,364.226
133.484,135.877,139.077,143.324,147.747,152.503,157.798,163.594,169.676,175.852,182.007,187.705,192.597,205.687,212.993,220.547,229.187,237.892,246.575,255.562,264.684,273.919,282.989,291.632,300.22,308.314,315.682,321.902,326.934,330.569,332.711,333.989,333.822,333.144,332.636,332.404,332.568,334.475,337.758,343.084,350.097,356.09,358.548,365.029,372.947,379.963,386.623,388.4,386.467,385.861,389.659,393.564,398.191,404.557,411.191,417.827,424.977,431.306,431.354,424.448,418.176,419.658,420.946,414.202,408.864,404.754,403.761,402.163,396.972,389.679,384.046,381.476,380.11,374.702
130.816,132.896,135.301,138.503,142.728,147.162,151.918,157.208,163.01,169.038,175.287,181.458,187.169,192.054,205.125,212.426,219.991,228.595,237.31,245.975,254.957,264.079,273.241,282.356,291.019,299.597,307.687,315.002,321.366,326.408,330.063,332.307,333.564,333.472,332.895,332.376,331.899,332.197,334.127,337.467,342.812,349.885,355.685,358.303,364.714,372.695,379.631,386.318,388.113,386.246,385.557,389.343,393.249,397.9,404.235,410.908,417.474,424.451,430.687,430.614,423.86,417.702,419.068,420.275,413.456,408.098,404.232,404.091,403.955,399.057,391.324,384.937,382.222,380.806
128.109,130.137,132.229,134.631,137.799,142.036,146.468,151.217,156.507,162.231,168.356,174.626,180.811,186.509,191.381,204.434,211.751,219.266,227.883,236.571,245.224,254.2,263.21,272.431,281.569,290.211,298.777,306.783,314.304,320.676,325.746,329.541,331.751,333.109,333.17,332.576,331.804,331.417,331.749,333.758,337.125,342.558,349.353,355.38,357.896,364.4,372.262,379.235,385.943,387.833,385.853,385.144,388.931,392.872,397.478,403.868,410.441,416.922,423.805,429.922,430.001,423.362,417.093,418.378,419.507,412.669,407.555,404.75,406.729,407.013,401.478,392.647,386.063,383.267
125.925,127.32,129.358,131.441,133.794,136.979,141.211,145.633,150.377,155.559,161.411,167.562,173.847,180.012,185.69,190.555,203.616,210.864,218.399,226.979,235.644,244.286,253.102,262.188,271.437,280.54,289.158,297.604,305.89,313.419,319.831,325.086,328.829,331.17,332.744,332.781,331.921,331.19,330.85,331.289,333.334,336.822,341.88,348.981,354.864,357.51,363.851,371.761,378.762,385.599,387.338,385.327,384.619,388.451,392.331,397.014,403.267,409.843,416.226,422.987,429.262,429.461,422.712,416.358,417.561,418.667,412.083,408.3,408.406,410.96,410.367,403.324,394.232,387.529
122.905,125.019,126.424,128.445,130.46,132.835,136.014,140.233,144.643,149.248,154.593,160.475,166.646,172.904,179.04,184.705,189.597,202.559,209.832,217.319,225.868,234.514,242.946,251.856,260.974,270.173,279.239,287.7,296.506,304.801,312.38,319.025,324.21,328.116,330.74,332.282,332.04,331.166,330.497,330.293,330.779,332.981,335.989,341.438,348.354,354.402,356.841,363.243,371.19,378.36,385.004,386.692,384.681,384.035,387.788,391.766,396.274,402.624,409.099,415.354,422.284,428.685,428.769,421.93,415.493,416.669,418.037,413.076,413.05,413.9,415.321,412.775,405.401,396.152
119.201,121.888,124.008,125.39,127.325,129.366,131.733,134.899,139.099,143.34,148.141,153.523,159.427,165.565,171.788,177.905,183.601,188.389,201.37,208.583,216.032,224.556,232.943,241.485,250.431,259.485,268.633,277.506,286.406,295.223,303.578,311.436,317.993,323.373,327.623,330.207,331.459,331.15,330.354,329.849,329.702,330.382,331.998,335.483,340.71,347.826,353.624,356.138,362.59,370.744,377.683,384.254,385.936,384,383.261,387.13,390.896,395.591,401.837,408.176,414.608,421.675,427.957,427.942,421.015,414.553,416.005,419.275,418.894,419.776,419.245,418.283,415.332,407.762
115.375,118.09,120.779,122.865,124.146,126.11,128.143,130.496,133.64,137.643,142.11,146.954,152.361,158.227,164.322,170.523,176.675,182.248,187.075,199.975,207.143,214.563,222.783,231.294,239.877,248.745,257.738,266.663,276.046,284.958,293.842,302.519,310.273,317.053,322.828,327.029,329.318,330.452,330.235,329.63,329.192,329.269,329.27,331.437,334.67,340.131,346.962,352.843,355.423,362.119,370.008,376.856,383.412,385.177,383.132,382.528,386.152,390.172,394.758,400.854,407.382,413.966,420.906,427.079,426.966,420.011,413.848,417.466,426.047,426.719,425.997,422.702,421.267,418.089
112.152,114.193,116.907,119.553,121.521,122.835,124.787,126.805,129.135,132.064,136.317,140.831,145.702,151.067,156.888,162.957,169.196,175.209,180.823,185.577,198.416,205.551,212.632,220.987,229.541,238.036,246.837,255.584,265.076,274.471,283.457,292.696,301.256,309.256,316.469,322.186,326.092,328.219,329.457,329.453,328.922,328.734,328.054,328.666,330.559,334.055,339.208,346.128,352.087,354.944,361.349,369.131,375.962,382.605,384.241,382.34,381.468,385.394,389.3,393.721,400.017,406.71,413.158,419.986,426.049,425.901,419.267,415.494,425.023,434.766,433.654,429.857,426.031,424.349
108.773,110.916,112.959,115.625,118.14,120.14,121.443,123.379,125.373,127.472,130.671,134.973,139.518,144.345,149.661,155.454,161.564,167.653,173.708,179.242,183.945,196.738,203.508,210.733,219.132,227.59,236.013,244.552,253.909,263.413,272.886,282.252,291.365,300.19,308.649,315.794,321.219,324.929,327.169,328.637,328.71,328.448,327.445,327.421,327.744,329.922,333.095,338.345,345.354,351.608,354.157,360.447,368.209,375.132,381.628,383.413,381.225,380.693,384.5,388.23,392.859,399.327,405.879,412.213,418.927,424.949,425.132,421.046,423.627,434.4,442.223,437.806,433.433,429.351
105.025,107.507,109.651,111.645,114.173,116.718,118.703,119.991,121.901,123.656,126.039,129.291,133.624,138.124,142.9,148.188,154.023,159.977,166.11,172.079,177.56,182.228,194.628,201.546,208.816,217.113,225.498,233.65,242.826,252.195,261.779,271.648,280.883,290.273,299.574,307.956,314.813,320.018,323.846,326.326,327.873,328.227,327.112,326.794,326.472,327.094,328.939,332.218,337.567,344.883,350.813,353.247,359.519,367.374,374.138,380.782,382.263,380.424,379.772,383.391,387.339,392.147,398.466,404.899,411.117,417.788,424.155,426.992,429.532,433.414,442.185,446.553,441.529,436.899
101.097,103.752,106.232,108.324,110.18,112.736,115.264,117.231,118.495,120.162,122.206,124.645,127.931,132.217,136.666,141.414,146.746,152.422,158.42,164.465,170.379,175.822,180.103,192.641,199.602,206.768,214.992,223.102,231.905,241.091,250.543,260.53,270.265,279.782,289.658,298.876,306.972,313.596,318.92,322.991,325.552,327.384,326.871,326.453,325.833,325.816,326.102,328.057,331.441,337.104,344.09,349.901,352.321,358.688,366.377,373.291,379.619,381.428,379.459,378.612,382.461,386.597,391.245,397.439,403.75,409.925,416.964,426.052,435.629,439.493,441.341,446.59,450.33,445.054
97.156,99.833,102.485,104.91,106.863,108.75,111.288,113.795,115.736,116.76,118.715,120.815,123.29,126.532,130.768,135.19,139.982,145.156,150.875,156.785,162.773,168.648,173.702,178.132,190.698,197.554,204.65,212.602,221.363,230.175,239.446,249.299,259.152,269.169,279.175,288.966,297.898,305.757,312.499,318.063,322.216,325.06,326.027,326.209,325.491,325.176,324.822,325.221,327.283,330.981,336.318,343.187,348.984,351.5,357.699,365.537,372.133,378.747,380.412,378.241,377.642,381.686,385.65,390.165,396.233,402.502,409.066,418.856,434.666,445.56,447.394,445.728,450.348,453.838
93.416,95.915,98.587,101.184,103.47,105.454,107.324,109.842,112.323,114.025,115.335,117.345,119.481,121.915,125.109,129.318,133.784,138.421,143.639,149.271,155.125,161.073,166.562,171.758,176.229,188.679,195.47,202.299,210.89,219.658,228.556,238.222,247.944,258.072,268.575,278.497,288.001,296.702,304.672,311.647,317.291,321.722,323.719,325.369,325.255,324.835,324.186,323.946,324.451,326.822,330.201,335.43,342.286,348.172,350.524,356.873,364.395,371.232,377.691,379.146,377.237,376.839,380.701,384.524,388.913,394.939,401.615,410.918,427.305,444.404,453.301,451.681,449.401,453.779
89.663,92.205,94.7,97.318,99.78,102.093,104.061,105.914,108.406,110.654,112.632,113.997,116.042,118.138,120.528,123.699,127.95,132.266,136.946,142.08,147.657,153.472,159.044,164.668,169.9,174.272,186.649,193.181,200.634,209.23,218.082,227.364,236.902,246.889,257.495,267.913,277.551,286.834,295.641,303.834,310.886,316.8,320.41,323.069,324.428,324.602,323.854,323.32,323.18,323.986,326.049,329.329,334.548,341.488,347.212,349.717,355.756,363.49,370.168,376.417,378.136,376.422,375.843,379.562,383.263,387.612,394.047,403.398,419.089,436.725,451.886,457.428,455.211,452.707
86.086,88.489,91.028,93.472,95.96,98.446,100.742,102.694,104.525,106.794,109.303,111.332,112.732,114.74,116.796,119.164,122.378,126.485,130.843,135.443,140.526,146.065,151.519,157.219,162.874,168.011,172.33,184.447,191.577,199.034,207.713,216.932,226.09,235.88,246.329,256.852,266.994,276.423,285.806,294.824,303.09,310.399,315.528,319.771,322.148,323.781,323.638,323.002,322.561,322.711,323.222,325.195,328.468,333.769,340.552,346.422,348.632,354.863,362.439,368.916,375.42,377.323,375.433,374.714,378.317,381.981,386.731,395.74,411.209,428.098,443.876,455.815,460.774,458.351
82.722,84.954,87.354,89.843,92.165,94.676,97.145,99.424,101.354,102.977,105.494,108.051,110.111,111.478,113.447,115.483,117.895,120.974,125.121,129.403,133.955,139.004,144.201,149.776,155.506,161.069,166.156,170.243,182.916,190.049,197.587,206.612,215.712,225.107,235.337,245.704,255.965,265.91,275.437,285.016,294.101,302.611,309.175,314.903,318.875,321.511,322.839,322.803,322.254,322.089,321.958,322.388,324.356,327.708,332.863,339.785,345.373,347.754,353.831,361.209,367.935,374.612,376.34,374.314,373.485,377.053,381.108,388.321,403.137,419.741,434.867,447.583,458.953,463.723
79.526,81.634,83.863,86.217,88.59,90.934,93.43,95.88,98.139,99.872,101.732,104.294,106.878,108.905,110.237,112.189,114.266,116.554,119.672,123.747,127.986,132.507,137.237,142.548,148.152,153.796,159.312,164.179,168.802,181.468,188.677,196.541,205.452,214.773,224.581,234.73,244.853,254.931,264.97,274.68,284.321,293.634,301.441,308.567,314.036,318.251,320.599,322.027,322.071,321.782,321.352,321.144,321.571,323.615,326.835,332.122,338.781,344.503,346.735,352.615,360.237,367.133,373.635,375.225,373.088,372.228,376.181,382.584,395.268,411.155,426.097,438.339,450.502,461.701
76.257,78.481,80.587,82.775,85.021,87.414,89.743,92.221,94.652,96.726,98.681,100.585,103.173,105.723,107.716,109.035,111.025,112.987,115.313,118.367,122.402,126.614,130.839,135.677,141.016,146.542,152.142,157.453,162.819,167.447,180.172,187.686,195.443,204.561,214.263,223.99,233.916,243.87,254.039,264.248,274.013,283.867,292.519,300.849,307.73,313.427,317.372,319.812,321.312,321.601,321.064,320.559,320.348,320.851,322.774,326.119,331.166,337.929,343.502,345.539,351.656,359.446,366.172,372.533,374.009,371.843,371.363,377.538,389.064,402.753,417.083,429.324,441.027,453.045
72.95,75.257,77.478,79.546,81.636,83.9,86.278,88.592,91.052,93.31,95.59,97.586,99.515,102.073,104.59,106.568,107.924,109.807,111.807,114.074,117.095,121.106,125.043,129.37,134.235,139.504,144.987,150.398,156.171,161.543,166.235,179.234,186.648,194.599,204.064,213.686,223.21,232.982,243.024,253.351,263.608,273.57,282.806,291.943,300.043,307.137,312.582,316.611,319.117,320.847,320.904,320.292,319.784,319.646,320.041,322.081,325.209,330.341,336.961,342.341,344.605,350.887,358.512,365.104,371.347,372.792,370.99,372.599,383.547,396.009,408.248,420.063,431.78,443.364
70.753,71.996,74.299,76.485,78.462,80.569,82.82,85.182,87.481,89.78,92.228,94.545,96.565,98.468,100.993,103.495,105.507,106.766,108.684,110.63,112.868,115.869,119.625,123.658,128.01,132.812,138.039,143.346,149.187,154.966,160.396,165.353,178.251,185.847,194.113,203.503,212.935,222.321,232.176,242.364,252.735,263.173,272.56,282.242,291.165,299.463,306.325,311.845,315.935,318.654,320.167,320.153,319.538,319.1,318.864,319.368,321.212,324.401,329.398,335.826,341.42,343.85,349.974,357.47,363.944,370.151,371.943,372.102,378.143,389.957,401.075,410.978,422.291,433.915
69.382,69.838,71.084,73.354,75.453,77.446,79.542,81.779,84.127,86.277,88.753,91.234,93.572,95.566,97.442,99.953,102.484,104.404,105.697,107.566,109.485,111.706,114.471,118.315,122.37,126.662,131.425,136.49,142.196,148.043,153.876,159.55,164.428,177.489,185.369,193.569,202.774,212.085,221.547,231.538,241.767,252.303,262.209,272.005,281.49,290.596,298.679,305.607,311.184,315.472,317.993,319.435,319.418,318.868,318.341,318.207,318.533,320.413,323.473,328.283,334.918,340.671,342.951,348.953,356.329,362.766,369.303,372.931,377.188,384.033,394.605,403.558,412.987,424.229
68.124,68.499,68.963,70.184,72.374,74.488,76.47,78.552,80.777,82.988,85.302,87.807,90.306,92.62,94.588,96.454,98.991,101.435,103.384,104.635,106.477,108.379,110.38,113.227,117.09,121.085,125.339,129.952,135.389,141.103,147.001,153.059,158.663,163.709,177.016,184.841,192.854,201.958,211.336,220.923,230.953,241.335,251.378,261.658,271.275,280.928,289.835,297.975,304.957,310.717,314.823,317.279,318.717,318.757,318.127,317.693,317.397,317.741,319.502,322.385,327.394,334.181,339.788,341.955,347.843,355.182,361.932,370.173,377.573,382.573,388.277,396.843,405.357,414.736
66.558,67.27,67.653,68.101,69.255,71.457,73.558,75.528,77.601,79.7,82.062,84.402,86.924,89.4,91.688,93.645,95.537,97.994,100.464,102.371,103.597,105.419,107.115,109.19,112.053,115.855,119.812,123.928,128.888,134.337,140.102,146.207,152.205,157.967,163.249,176.504,184.132,192.069,201.228,210.72,220.347,230.516,240.444,250.83,260.946,270.716,280.184,289.141,297.333,304.483,310.077,314.125,316.575,318.063,318.029,317.486,316.902,316.613,316.847,318.447,321.521,326.673,333.319,338.818,340.882,346.734,354.366,362.692,374.396,382.474,386.429,390.277,398.441,406.924
65.55,65.735,66.451,66.82,67.212,68.382,70.572,72.661,74.623,76.581,78.818,81.205,83.561,86.059,88.512,90.788,92.768,94.589,97.068,99.499,101.377,102.582,104.211,105.972,108.061,110.862,114.625,118.453,122.894,127.869,133.369,139.328,145.38,151.528,157.505,162.76,175.797,183.371,191.355,200.617,210.149,219.903,229.656,239.897,250.135,260.388,269.986,279.498,288.505,296.85,303.849,309.39,313.433,315.926,317.343,317.39,316.706,316.118,315.728,315.82,317.602,320.811,325.83,332.374,337.774,339.808,345.935,355.019,366.522,378.845,385.961,388.194,391.682,399.834
63.37,64.748,64.941,65.644,65.964,66.375,67.539,69.716,71.799,73.655,75.741,78.001,80.4,82.735,85.212,87.652,89.947,91.862,93.705,96.147,98.547,100.401,101.425,103.11,104.883,106.908,109.675,113.317,117.449,121.908,126.935,132.615,138.526,144.718,151.063,157.023,162.075,175.06,182.672,190.751,200.052,209.698,219.07,229.109,239.217,249.578,259.672,269.307,278.866,288.012,296.22,303.173,308.708,312.785,315.211,316.703,316.618,315.921,315.239,314.721,314.987,316.896,319.981,324.907,331.36,336.726,339.021,346.49,358.484,370.552,381.989,387.5,389.405,392.909
60.209,62.596,63.972,64.158,64.815,65.154,65.565,66.722,68.893,70.878,72.852,74.96,77.231,79.61,81.925,84.388,86.846,89.079,91.014,92.826,95.237,97.61,99.292,100.368,102.062,103.773,105.768,108.424,112.348,116.499,121.008,126.202,131.838,137.875,144.25,150.585,156.341,161.374,174.378,182.076,190.195,199.597,208.893,218.526,228.443,238.663,248.876,259.002,268.681,278.366,287.385,295.549,302.495,308.058,312.073,314.57,315.936,315.834,315.051,314.256,313.9,314.287,316.081,319.082,323.925,330.346,335.951,339.483,349.618,362.126,373.382,383.322,388.514,390.467
56.899,59.467,61.844,63.207,63.355,64.028,64.367,64.778,65.935,68.016,70.108,72.103,74.22,76.473,78.832,81.136,83.614,86.013,88.264,90.169,91.954,94.338,96.552,98.279,99.364,101.002,102.685,104.581,107.499,111.441,115.638,120.3,125.451,131.196,137.404,143.772,149.916,155.659,160.729,173.796,181.529,189.739,198.819,208.354,217.875,227.895,237.977,248.219,258.383,268.175,277.741,286.718,294.872,301.842,307.349,311.43,313.811,315.148,314.962,314.073,313.432,313.194,313.472,315.189,318.114,322.926,329.573,336.322,342.3,352.903,364.666,374.534,384.144,389.415
54.306,56.189,58.745,61.103,62.424,62.59,63.263,63.602,64.019,65.1,67.279,69.387,71.392,73.492,75.727,78.074,80.392,82.814,85.228,87.45,89.331,91.094,93.333,95.587,97.321,98.36,99.972,101.566,103.704,106.639,110.621,114.958,119.575,124.817,130.722,136.924,143.123,149.256,155.036,160.178,173.261,181.076,188.991,198.289,207.718,217.333,227.229,237.336,247.608,257.873,267.552,277.075,286.041,294.216,301.136,306.702,310.679,313.028,314.283,313.997,313.251,312.722,312.385,312.594,314.242,317.139,322.165,329.863,338.846,345.255,355.176,365.652,375.173,384.893
51.346,53.622,55.499,58.033,60.345,61.675,61.845,62.515,62.864,63.216,64.393,66.585,68.701,70.69,72.774,74.997,77.356,79.623,82.058,84.444,86.643,88.504,90.141,92.418,94.677,96.37,97.39,98.921,100.733,102.888,105.862,109.967,114.258,118.949,124.343,130.238,136.296,142.485,148.655,154.497,159.668,172.81,180.355,188.471,197.669,207.185,216.686,226.604,236.734,247.096,257.25,266.885,276.394,285.38,293.512,300.486,305.96,309.912,312.186,313.347,313.186,312.546,311.93,311.533,311.681,313.302,316.395,322.38,332.121,341.49,347.279,356.013,366.114,375.783
49.033,50.693,52.957,54.819,57.309,59.621,60.945,61.117,61.797,62.087,62.532,63.727,65.925,68.024,69.998,72.072,74.304,76.616,78.894,81.303,83.667,85.849,87.595,89.271,91.554,93.776,95.45,96.398,98.127,99.954,102.145,105.233,109.291,113.643,118.475,123.854,129.627,135.676,141.902,148.127,153.992,159.233,172.115,179.843,187.867,197.143,206.554,216.073,226.008,236.219,246.473,256.581,266.2,275.729,284.678,292.858,299.751,305.199,309.079,311.26,312.533,312.474,311.757,311.087,310.632,310.756,312.562,316.536,324.39,334.479,343.277,347.975,356.313,366.596
47.347,48.406,50.058,52.305,54.129,56.616,58.914,60.232,60.419,61.043,61.421,61.886,63.091,65.271,67.355,69.32,71.402,73.591,75.911,78.165,80.554,82.9,84.978,86.759,88.444,90.695,92.896,94.502,95.632,97.376,99.235,101.532,104.578,108.69,113.169,117.983,123.252,129.02,135.104,141.38,147.625,153.552,158.576,171.609,179.252,187.346,196.525,205.95,215.481,225.487,235.593,245.802,255.893,265.533,275.028,284.02,292.127,298.996,304.375,308.167,310.447,311.814,311.687,310.923,310.197,309.721,310.015,312.628,318.31,326.482,336.045,343.833,348.124,356.678
45.802,46.739,47.797,49.435,51.643,53.467,55.939,58.223,59.548,59.688,60.392,60.789,61.268,62.462,64.626,66.699,68.671,70.713,72.91,75.206,77.441,79.813,82.06,84.168,85.958,87.615,89.844,91.981,93.748,94.897,96.671,98.627,100.891,103.992,108.215,112.674,117.379,122.651,128.449,134.58,140.875,147.178,152.909,158.087,171.028,178.729,186.734,195.923,205.356,214.951,224.858,234.92,245.112,255.221,264.829,274.363,283.289,291.374,298.177,303.471,307.353,309.719,311.026,310.856,310.04,309.296,308.971,310.002,314.174,320.148,327.841,336.469,343.842,348.38
43.937,45.212,46.148,47.198,48.805,51.008,52.821,55.277,57.56,58.835,59.051,59.772,60.182,60.654,61.838,63.992,66.069,68.003,70.053,72.227,74.503,76.72,78.999,81.272,83.384,85.145,86.78,88.948,91.231,93.016,94.196,96.06,97.991,100.315,103.515,107.717,112.058,116.777,122.072,127.913,134.067,140.418,146.546,152.413,157.524,170.499,178.116,186.129,195.324,204.814,214.315,224.183,234.229,244.435,254.512,264.154,273.626,282.531,290.554,297.276,302.655,306.614,308.925,310.192,309.973,309.139,308.528,308.879,311.328,315.768,321.31,328.141,336.363,343.988
42.299,43.367,44.636,45.566,46.59,48.196,50.384,52.186,54.639,56.869,58.206,58.442,59.172,59.576,60.045,61.223,63.379,65.42,67.359,69.388,71.541,73.797,75.925,78.225,80.498,82.577,84.315,85.894,88.196,90.495,92.306,93.573,95.419,97.416,99.828,103.01,107.08,111.446,116.181,121.518,127.387,133.594,139.789,146.038,151.844,156.999,169.879,177.501,185.522,194.768,204.169,213.638,223.488,233.546,243.718,253.825,263.408,272.857,281.703,289.654,296.455,301.898,305.808,308.083,309.302,309.065,308.348,308.352,309.991,312.689,316.74,321.48,327.932,336.412
40.887,41.742,42.806,44.066,44.973,45.999,47.595,49.768,51.571,53.972,56.252,57.599,57.846,58.571,58.972,59.44,60.624,62.746,64.789,66.708,68.715,70.848,73.018,75.163,77.459,79.695,81.747,83.431,85.136,87.454,89.774,91.663,92.921,94.834,96.909,99.307,102.348,106.453,110.828,115.604,120.972,126.894,132.964,139.265,145.458,151.297,156.384,169.25,176.88,184.949,194.111,203.484,212.936,222.794,232.818,243.017,253.066,262.619,272.013,280.792,288.818,295.673,301.07,304.944,307.174,308.374,308.239,308.089,309.261,311.132,313.48,316.779,321.166,327.891
39.588,40.336,41.189,42.245,43.483,44.391,45.413,46.996,49.168,50.927,53.371,55.652,57.001,57.246,57.965,58.366,58.844,60.002,62.124,64.148,66.045,68.03,70.082,72.264,74.404,76.663,78.867,80.866,82.665,84.387,86.721,89.111,90.989,92.311,94.298,96.361,98.614,101.703,105.811,110.226,115.034,120.453,126.251,132.416,138.666,144.884,150.661,155.758,168.615,176.287,184.281,193.419,202.773,212.228,222.053,232.102,242.241,252.263,261.765,271.101,279.945,288.012,294.826,300.192,304.024,306.233,307.516,307.895,308.806,310.194,311.752,313.386,316.349,321.037
38.353,39.041,39.786,40.634,41.669,42.905,43.81,44.824,46.411,48.537,50.339,52.781,55.055,56.393,56.637,57.354,57.766,58.224,59.387,61.489,63.49,65.367,67.276,69.339,71.513,73.617,75.845,77.999,80.098,81.908,83.645,86.041,88.413,90.337,91.738,93.712,95.635,97.945,101.041,105.184,109.629,114.485,119.79,125.674,131.792,138.063,144.227,150.015,155.128,168.001,175.604,183.578,192.693,202.046,211.472,221.32,231.309,241.422,251.395,260.844,270.235,279.11,287.138,293.924,299.251,303.059,305.339,307.09,308.434,309.547,310.653,311.521,312.824,316.125
37.178,37.803,38.488,39.231,40.061,41.097,42.324,43.223,44.245,45.794,47.954,49.758,52.189,54.445,55.774,56.019,56.743,57.138,57.606,58.756,60.836,62.816,64.624,66.542,68.598,70.739,72.814,74.995,77.235,79.337,81.155,82.949,85.319,87.715,89.72,91.108,92.955,94.937,97.261,100.391,104.559,109.047,113.796,119.182,125.02,131.158,137.385,143.562,149.362,154.514,167.303,174.885,182.837,191.946,201.274,210.72,220.509,230.475,240.542,250.466,259.957,269.37,278.208,286.213,292.963,298.262,302.13,304.834,307.465,308.996,309.854,310.284,310.808,312.503
36.144,36.623,37.245,37.928,38.658,39.489,40.517,41.736,42.644,43.635,45.219,47.375,49.173,51.584,53.821,55.143,55.399,56.105,56.509,56.971,58.108,60.167,62.084,63.9,65.813,67.84,69.954,71.988,74.241,76.477,78.577,80.443,82.206,84.578,87.057,89.041,90.324,92.229,94.23,96.587,99.741,103.945,108.33,113.154,118.496,124.357,130.459,136.703,142.889,148.721,153.822,166.567,174.122,182.069,191.158,200.5,209.892,219.671,229.595,239.62,249.566,259.069,268.45,277.273,285.246,291.963,297.307,301.549,305.059,307.861,309.159,309.35,309.407,310.384
34.797,35.582,36.06,36.682,37.352,38.083,38.91,39.931,41.154,42.034,43.063,44.646,46.793,48.575,50.965,53.186,54.507,54.75,55.464,55.863,56.319,57.444,59.444,61.37,63.182,65.07,67.074,69.149,71.245,73.489,75.716,77.855,79.684,81.437,83.892,86.342,88.232,89.573,91.498,93.53,95.909,99.099,103.203,107.659,112.439,117.806,123.637,129.759,136.01,142.223,148.006,153.092,165.786,173.332,181.264,190.365,199.655,209.04,218.78,228.665,238.698,248.65,258.125,267.493,276.286,284.222,290.975,296.652,301.631,305.297,307.884,308.521,308.299,308.877
33.224,34.232,35.012,35.492,36.103,36.776,37.503,38.324,39.351,40.544,41.46,42.493,44.071,46.197,47.964,50.334,52.544,53.844,54.098,54.804,55.2,55.653,56.734,58.739,60.66,62.451,64.318,66.287,68.415,70.499,72.731,74.99,77.089,78.905,80.738,83.159,85.516,87.455,88.817,90.771,92.825,95.24,98.34,102.51,106.92,111.727,117.067,122.918,129.046,135.321,141.489,147.254,152.319,164.975,172.508,180.45,189.501,198.789,208.138,217.842,227.725,237.761,247.685,257.148,266.484,275.238,283.2,290.25,296.599,301.716,305.184,307.117,307.294,307.66
31.65,32.661,33.661,34.439,34.911,35.524,36.194,36.915,37.745,38.746,39.969,40.888,41.921,43.483,45.59,47.341,49.698,51.878,53.176,53.428,54.128,54.522,54.941,56.037,58.036,59.936,61.707,63.541,65.557,67.673,69.745,72.005,74.23,76.323,78.2,80.002,82.321,84.722,86.668,88.062,90.039,92.131,94.468,97.633,101.755,106.188,110.966,116.325,122.182,128.333,134.569,140.717,146.46,151.518,164.13,171.669,179.568,188.619,197.872,207.186,216.886,226.773,236.778,246.686,256.114,265.41,274.181,282.404,290.064,296.535,301.466,304.292,305.719,306.54
30.252,31.09,32.093,33.086,33.853,34.329,34.939,35.603,36.335,37.141,38.172,39.394,40.312,41.336,42.883,44.971,46.713,49.037,51.205,52.49,52.741,53.436,53.8,54.24,55.337,57.314,59.193,60.931,62.81,64.814,66.92,69.019,71.256,73.493,75.62,77.467,79.151,81.515,83.906,85.88,87.305,89.321,91.345,93.745,96.865,101.004,105.402,110.198,115.563,121.444,127.562,133.781,139.906,145.635,150.679,163.266,170.765,178.664,187.68,196.898,206.21,215.917,225.769,235.751,245.616,255.004,264.312,273.316,282.087,289.851,296.148,300.454,302.73,304.845
28.724,29.692,30.522,31.519,32.499,33.263,33.738,34.344,35.019,35.73,36.564,37.595,38.813,39.722,40.736,42.269,44.342,46.058,48.367,50.51,51.783,52.033,52.697,53.081,53.531,54.612,56.566,58.411,60.191,62.062,64.059,66.191,68.279,70.547,72.793,74.891,76.592,78.333,80.674,83.088,85.093,86.561,88.518,90.597,92.957,96.095,100.191,104.602,109.406,114.796,120.649,126.753,132.952,139.057,144.762,149.817,162.339,169.836,177.703,186.685,195.904,205.226,214.892,224.715,234.646,244.472,253.864,263.377,272.871,281.728,289.326,295.014,298.73,301.733
27.577,28.161,29.12,29.947,30.928,31.902,32.661,33.133,33.75,34.406,35.144,35.981,37.008,38.213,39.114,40.12,41.642,43.685,45.389,47.671,49.79,51.05,51.276,51.955,52.349,52.79,53.857,55.774,57.657,59.431,61.297,63.32,65.448,67.582,69.84,72.06,73.986,75.754,77.467,79.829,82.27,84.31,85.731,87.735,89.777,92.153,95.25,99.354,103.774,108.604,113.971,119.812,125.9,132.078,138.152,143.862,148.894,161.383,168.848,176.687,185.671,194.899,204.175,213.805,223.571,233.463,243.285,252.858,262.807,272.37,281.071,288.071,293.127,297.607
26.753,27.002,27.583,28.534,29.349,30.323,31.288,32.038,32.523,33.123,33.805,34.546,35.382,36.397,37.589,38.483,39.484,40.981,43.007,44.691,46.944,49.036,50.261,50.507,51.193,51.577,52.012,53.052,55.004,56.878,58.649,60.539,62.562,64.737,66.853,69.089,71.12,73.124,74.86,76.595,78.98,81.443,83.433,84.897,86.866,88.925,91.265,94.375,98.489,102.931,107.738,113.094,118.926,124.993,131.137,137.217,142.903,147.949,160.372,167.814,175.655,184.645,193.821,203.059,212.629,222.357,232.234,242.207,252.166,262.171,271.585,279.69,286.012,291.878
25.96,26.153,26.405,26.985,27.922,28.732,29.694,30.646,31.405,31.876,32.501,33.186,33.926,34.752,35.756,36.936,37.826,38.809,40.295,42.294,43.955,46.178,48.224,49.454,49.712,50.384,50.764,51.182,52.263,54.203,56.07,57.861,59.749,61.809,63.966,66.065,68.108,70.23,72.203,73.951,75.705,78.101,80.506,82.527,83.964,85.951,87.982,90.342,93.471,97.597,102.012,106.809,112.164,117.978,124.015,130.167,136.223,141.921,146.943,159.31,166.748,174.596,183.527,192.662,201.84,211.372,221.078,231.085,241.397,251.401,261.264,270.073,277.45,284.638
25.006,25.33,25.526,25.784,26.358,27.286,28.085,29.034,29.99,30.73,31.226,31.855,32.539,33.271,34.089,35.081,36.251,37.124,38.102,39.568,41.538,43.177,45.352,47.389,48.615,48.866,49.533,49.9,50.363,51.44,53.367,55.247,57.026,58.929,60.979,63.123,65.037,67.186,69.286,71.255,73.008,74.765,77.098,79.521,81.514,82.976,84.946,87.002,89.387,92.522,96.617,101.018,105.822,111.164,116.957,123.007,129.14,135.207,140.873,145.885,158.204,165.645,173.435,182.325,191.401,200.538,210.041,219.86,230.167,240.511,250.38,259.615,267.648,275.953
24.242,24.345,24.669,24.873,25.131,25.702,26.617,27.404,28.357,29.289,30.047,30.549,31.177,31.854,32.578,33.387,34.371,35.519,36.387,37.352,38.797,40.739,42.34,44.5,46.52,47.727,47.98,48.633,49.04,49.506,50.574,52.506,54.357,56.125,58.034,60.074,62.045,64.079,66.217,68.299,70.256,71.999,73.694,76.037,78.429,80.441,81.905,83.901,85.985,88.371,91.477,95.551,99.965,104.764,110.098,115.909,121.942,128.092,134.123,139.779,144.779,157.055,164.44,172.199,181.033,190.06,199.16,208.754,218.839,229.17,239.382,248.596,257.01,266.035
23.084,23.544,23.653,23.982,24.188,24.45,25.015,25.913,26.706,27.634,28.58,29.337,29.839,30.46,31.13,31.846,32.647,33.613,34.749,35.606,36.559,37.984,39.884,41.478,43.617,45.605,46.798,47.05,47.733,48.141,48.602,49.681,51.569,53.379,55.167,57.069,58.947,61.047,63.081,65.192,67.25,69.184,70.862,72.571,74.883,77.282,79.295,80.792,82.813,84.892,87.249,90.34,94.431,98.846,103.648,109.004,114.801,120.849,126.96,132.98,138.61,143.617,155.799,163.158,170.868,179.645,188.627,197.804,207.637,217.738,227.94,237.464,245.828,255.287
21.613,22.362,22.818,22.938,23.265,23.476,23.739,24.296,25.196,25.967,26.906,27.843,28.594,29.09,29.706,30.368,31.077,31.862,32.818,33.935,34.783,35.727,37.122,39.008,40.59,42.695,44.655,45.833,46.115,46.793,47.191,47.669,48.711,50.539,52.376,54.156,55.899,57.912,60.011,62.017,64.1,66.134,68.004,69.691,71.374,73.681,76.071,78.102,79.628,81.64,83.69,86.04,89.159,93.252,97.675,102.502,107.845,113.655,119.664,125.766,131.756,137.388,142.362,154.48,161.79,169.438,178.161,187.203,196.598,206.439,216.413,225.902,234.561,244.002
20.089,20.881,21.617,22.072,22.196,22.524,22.738,23.001,23.567,24.441,25.223,26.152,27.076,27.815,28.307,28.915,29.569,30.264,31.041,31.981,33.083,33.925,34.853,36.244,38.11,39.672,41.743,43.674,44.86,45.145,45.802,46.217,46.669,47.669,49.517,51.338,52.948,54.828,56.833,58.907,60.893,62.962,64.939,66.812,68.466,70.132,72.415,74.804,76.851,78.376,80.362,82.413,84.795,87.925,92.025,96.47,101.283,106.639,112.414,118.418,124.494,130.486,136.088,141.06,153.081,160.319,167.91,176.671,185.911,195.306,205.023,214.266,222.899,232.632
18.8,19.355,20.13,20.854,21.302,21.433,21.759,21.974,22.254,22.803,23.683,24.456,25.37,26.275,27.002,27.488,28.089,28.729,29.416,30.18,31.109,32.2,33.031,33.965,35.347,37.187,38.724,40.764,42.683,43.855,44.125,44.791,45.19,45.629,46.65,48.472,50.098,51.843,53.701,55.69,57.757,59.746,61.773,63.748,65.573,67.187,68.817,71.084,73.475,75.519,77.031,79.023,81.105,83.503,86.642,90.756,95.183,100.007,105.335,111.112,117.101,123.183,129.151,134.747,139.681,151.571,158.74,166.36,175.301,184.529,193.803,202.78,211.19,220.875
17.412,18.058,18.603,19.363,20.069,20.512,20.646,20.969,21.202,21.474,22.036,22.902,23.663,24.555,25.441,26.153,26.635,27.221,27.853,28.528,29.286,30.209,31.284,32.125,33.063,34.43,36.236,37.754,39.774,41.664,42.8,43.087,43.744,44.155,44.608,45.61,47.21,48.962,50.668,52.521,54.52,56.603,58.565,60.586,62.502,64.263,65.82,67.429,69.692,72.081,74.108,75.637,77.653,79.746,82.154,85.305,89.394,93.831,98.637,103.976,109.751,115.752,121.821,127.781,133.326,138.188,149.945,157.125,164.916,173.835,182.94,191.468,199.636,209.073
16.162,16.667,17.299,17.836,18.574,19.261,19.696,19.833,20.171,20.397,20.689,21.245,22.093,22.834,23.705,24.569,25.267,25.737,26.316,26.935,27.607,28.365,29.279,30.357,31.205,32.139,33.482,35.261,36.771,38.758,40.593,41.726,42.025,42.71,43.122,43.554,44.333,46.05,47.745,49.453,51.33,53.356,55.418,57.371,59.326,61.165,62.849,64.374,65.987,68.255,70.621,72.654,74.204,76.224,78.323,80.738,83.87,87.963,92.389,97.213,102.566,108.358,114.353,120.412,126.311,131.775,136.57,148.268,155.603,163.369,172.163,180.514,188.251,197.427
15.067,15.408,15.904,16.521,17.042,17.759,18.425,18.849,19.01,19.334,19.581,19.876,20.423,21.246,21.968,22.814,23.656,24.333,24.797,25.364,25.982,26.657,27.414,28.335,29.412,30.259,31.182,32.511,34.273,35.759,37.689,39.501,40.632,40.981,41.653,42.029,42.244,43.155,44.805,46.5,48.234,50.139,52.145,54.191,56.078,57.956,59.715,61.361,62.888,64.518,66.76,69.113,71.145,72.701,74.723,76.821,79.22,82.369,86.456,90.902,95.745,101.12,106.914,112.9,118.893,124.709,130.092,134.894,146.667,153.967,161.617,169.644,177.2,185.951
14.03,14.297,14.634,15.118,15.714,16.22,16.912,17.555,17.989,18.144,18.484,18.734,19.027,19.559,20.356,21.058,21.879,22.691,23.353,23.807,24.375,24.999,25.679,26.447,27.371,28.439,29.281,30.202,31.523,33.25,34.691,36.593,38.383,39.547,39.893,40.506,40.668,41.031,41.897,43.535,45.245,46.998,48.877,50.861,52.842,54.666,56.476,58.203,59.846,61.382,62.99,65.199,67.532,69.553,71.122,73.134,75.215,77.642,80.796,84.901,89.364,94.231,99.613,105.398,111.317,117.233,122.961,128.337,133.278,144.942,152.128,159.003,166.216,174.806
12.925,13.257,13.524,13.857,14.327,14.9,15.39,16.054,16.695,17.117,17.287,17.625,17.873,18.161,18.678,19.448,20.126,20.919,21.706,22.35,22.813,23.39,24.032,24.72,25.494,26.415,27.477,28.327,29.238,30.531,32.203,33.616,35.489,37.276,38.411,38.694,39.102,39.429,39.768,40.623,42.253,43.952,45.685,47.522,49.456,51.389,53.178,54.965,56.683,58.31,59.819,61.385,63.566,65.872,67.908,69.466,71.464,73.536,75.969,79.14,83.258,87.746,92.617,97.988,103.705,109.556,115.399,121.129,126.616,131.532,143.011,149.405,155.452,163.731
11.866,12.136,12.464,12.729,13.054,13.505,14.054,14.524,15.181,15.796,16.218,16.393,16.722,16.967,17.25,17.75,18.489,19.142,19.907,20.666,21.31,21.788,22.386,23.036,23.731,24.507,25.431,26.492,27.334,28.225,29.476,31.109,32.5,34.347,36.099,37.132,37.243,37.812,38.13,38.458,39.303,40.898,42.555,44.244,46.042,47.954,49.872,51.655,53.433,55.118,56.699,58.142,59.686,61.838,64.157,66.165,67.713,69.713,71.789,74.245,77.421,81.554,86.043,90.91,96.221,101.882,107.658,113.49,119.307,124.753,129.582,140.183,145.721,152.883
11.045,11.068,11.336,11.655,11.913,12.226,12.657,13.179,13.648,14.275,14.875,15.285,15.459,15.779,16.02,16.296,16.775,17.482,18.109,18.843,19.596,20.246,20.749,21.355,22.011,22.711,23.498,24.426,25.471,26.291,27.153,28.377,29.969,31.332,33.152,34.769,35.625,35.912,36.476,36.768,37.081,37.897,39.433,41.044,42.701,44.497,46.412,48.331,50.104,51.838,53.462,54.955,56.371,57.898,60.068,62.346,64.324,65.898,67.892,69.994,72.444,75.637,79.767,84.254,89.069,94.336,99.917,105.664,111.566,117.333,122.679,126.764,136.392,143.059
10.397,10.23,10.268,10.528,10.835,11.082,11.38,11.789,12.302,12.748,13.353,13.927,14.321,14.492,14.802,15.036,15.302,15.76,16.434,17.034,17.759,18.51,19.177,19.689,20.299,20.962,21.677,22.474,23.387,24.399,25.193,26.042,27.234,28.779,30.134,31.812,33.243,34.243,34.544,35.061,35.327,35.621,36.397,37.886,39.464,41.126,42.928,44.844,46.75,48.477,50.141,51.669,53.125,54.522,56.078,58.204,60.434,62.436,64.004,66.024,68.105,70.575,73.774,77.904,82.34,87.116,92.295,97.824,103.636,109.485,115.139,119.754,123.04,133.637
9.769,9.561,9.423,9.468,9.718,10.008,10.244,10.527,10.928,11.411,11.842,12.415,12.957,13.332,13.501,13.797,14.022,14.277,14.714,15.353,15.95,16.672,17.43,18.093,18.611,19.231,19.909,20.636,21.419,22.304,23.28,24.064,24.896,26.053,27.576,28.81,30.303,31.842,32.826,33.087,33.567,33.818,34.097,34.853,36.304,37.872,39.527,41.325,43.225,45.087,46.746,48.32,49.803,51.231,52.64,54.166,56.236,58.487,60.458,62.069,64.053,66.151,68.634,71.848,75.923,80.311,84.986,90.089,95.687,101.447,107.173,112.137,115.96,120.287
9.146,8.916,8.742,8.626,8.675,8.911,9.183,9.406,9.686,10.062,10.522,10.929,11.466,11.974,12.329,12.493,12.773,12.988,13.234,13.648,14.277,14.874,15.601,16.344,16.999,17.533,18.166,18.857,19.569,20.33,21.183,22.14,22.914,23.732,24.871,26.272,27.334,28.914,30.401,31.32,31.563,32.032,32.281,32.561,33.296,34.712,36.242,37.88,39.663,41.533,43.328,44.915,46.437,47.879,49.29,50.669,52.146,54.244,56.445,58.451,60.027,62.022,64.133,66.642,69.81,73.817,78.081,82.654,87.836,93.388,99.019,104.113,108.315,113.066
8.588,8.283,8.09,7.941,7.843,7.894,8.114,8.368,8.589,8.85,9.207,9.636,10.016,10.514,10.989,11.321,11.477,11.741,11.947,12.181,12.598,13.22,13.825,14.532,15.257,15.919,16.465,17.112,17.783,18.479,19.214,20.053,20.996,21.769,22.57,23.613,24.815,25.97,27.48,28.884,29.765,30.027,30.498,30.748,31.014,31.712,33.056,34.552,36.175,37.947,39.759,41.496,43.026,44.493,45.889,47.262,48.585,50.118,52.164,54.397,56.341,57.933,59.933,62.074,64.54,67.634,71.489,75.619,80.284,85.428,90.842,95.899,100.274,105.279
7.957,7.713,7.454,7.289,7.161,7.078,7.13,7.334,7.579,7.783,8.031,8.362,8.758,9.109,9.569,10.007,10.315,10.463,10.711,10.906,11.155,11.577,12.2,12.788,13.472,14.196,14.854,15.418,16.042,16.701,17.372,18.099,18.935,19.878,20.62,21.349,22.193,23.469,24.558,25.987,27.339,28.221,28.507,28.964,29.188,29.41,30.039,31.337,32.818,34.446,36.17,37.938,39.608,41.069,42.463,43.813,45.12,46.515,48.015,50.102,52.248,54.178,55.781,57.808,59.904,62.285,65.217,68.903,73.132,77.763,82.763,87.646,92.022,97.094
7.238,7.081,6.88,6.656,6.514,6.405,6.336,6.386,6.583,6.807,7.001,7.23,7.532,7.894,8.217,8.638,9.038,9.321,9.461,9.692,9.903,10.168,10.6,11.198,11.767,12.449,13.157,13.822,14.363,14.977,15.612,16.277,17.009,17.858,18.749,19.424,19.956,20.886,22.075,23.109,24.487,25.817,26.693,26.968,27.379,27.544,27.703,28.311,29.596,31.088,32.675,34.362,36.055,37.638,39.012,40.352,41.63,43.016,44.381,45.942,47.928,50.03,51.95,53.588,55.56,57.557,59.77,62.526,66.306,70.495,74.978,79.462,83.692,88.691
6.512,6.376,6.254,6.083,5.89,5.769,5.676,5.619,5.676,5.855,6.063,6.241,6.45,6.725,7.053,7.346,7.727,8.088,8.348,8.48,8.72,8.947,9.232,9.651,10.222,10.791,11.453,12.158,12.788,13.324,13.915,14.544,15.218,15.971,16.764,17.578,18.049,18.681,19.535,20.66,21.665,23.01,24.298,25.121,25.357,25.694,25.795,25.958,26.586,27.881,29.332,30.877,32.488,34.083,35.567,36.879,38.144,39.511,40.865,42.288,43.748,45.67,47.744,49.676,51.269,53.126,54.944,56.977,59.832,63.558,67.592,71.542,75.386,80.205
5.896,5.673,5.57,5.47,5.325,5.16,5.057,4.979,4.941,4.994,5.16,5.348,5.509,5.698,5.945,6.24,6.503,6.843,7.169,7.405,7.553,7.803,8.049,8.33,8.734,9.298,9.85,10.505,11.168,11.783,12.298,12.883,13.52,14.215,14.915,15.631,16.229,16.801,17.372,18.178,19.259,20.237,21.521,22.717,23.466,23.646,23.918,24.031,24.239,24.898,26.149,27.542,29.013,30.521,32.02,33.427,34.664,36.031,37.365,38.764,40.061,41.454,43.346,45.417,47.284,48.768,50.426,52.052,54.177,56.983,60.546,64,67.315,71.754
5.316,5.073,4.896,4.814,4.731,4.608,4.468,4.383,4.327,4.296,4.35,4.499,4.667,4.811,4.98,5.2,5.461,5.694,5.997,6.288,6.524,6.688,6.95,7.194,7.468,7.873,8.414,8.962,9.575,10.213,10.798,11.309,11.9,12.555,13.2,13.821,14.333,15.015,15.53,16.065,16.839,17.866,18.785,19.961,21.056,21.729,21.872,22.151,22.31,22.557,23.197,24.372,25.69,27.061,28.487,29.897,31.223,32.575,33.906,35.268,36.507,37.716,39.101,40.991,42.986,44.721,46.004,47.448,49.143,51.219,53.883,56.808,59.623,63.563
4.593,4.513,4.322,4.176,4.109,4.041,3.939,3.822,3.76,3.714,3.695,3.746,3.877,4.025,4.153,4.302,4.494,4.722,4.929,5.195,5.474,5.711,5.893,6.147,6.385,6.668,7.06,7.589,8.1,8.686,9.288,9.858,10.374,10.98,11.586,12.149,12.58,13.174,13.79,14.265,14.779,15.502,16.447,17.272,18.345,19.349,19.962,20.13,20.438,20.622,20.861,21.438,22.541,23.766,25.072,26.405,27.729,29.172,30.482,31.827,32.997,34.122,35.324,36.732,38.552,40.398,41.894,42.958,44.44,46.078,48.03,50.039,52.33,55.79
3.721,3.843,3.791,3.636,3.516,3.462,3.406,3.322,3.234,3.183,3.151,3.139,3.184,3.298,3.427,3.539,3.668,3.835,4.033,4.213,4.464,4.733,4.974,5.154,5.396,5.641,5.919,6.307,6.798,7.285,7.834,8.412,8.976,9.507,10.066,10.587,10.971,11.482,12.015,12.575,13.026,13.497,14.147,14.985,15.733,16.721,17.643,18.243,18.446,18.754,18.917,19.099,19.639,20.664,21.839,23.05,24.292,25.733,27.117,28.43,29.557,30.593,31.703,32.933,34.296,35.968,37.545,38.779,39.876,41.288,42.811,44.116,45.543,48.476
2.891,3.064,3.18,3.142,3.016,2.918,2.874,2.83,2.77,2.698,2.662,2.638,2.63,2.67,2.768,2.879,2.975,3.085,3.228,3.398,3.57,3.809,4.071,4.297,4.472,4.714,4.954,5.234,5.594,6.056,6.511,7.035,7.599,8.167,8.654,9.129,9.477,9.936,10.39,10.871,11.393,11.799,12.212,12.774,13.528,14.217,15.119,15.995,16.587,16.792,17.05,17.142,17.313,17.825,18.815,19.894,21.012,22.368,23.737,25.105,26.182,27.162,28.17,29.307,30.494,31.729,33.122,34.405,35.639,36.678,37.973,38.879,39.662,41.726
2.119,2.341,2.496,2.595,2.566,2.464,2.385,2.351,2.323,2.275,2.222,2.195,2.177,2.172,2.207,2.29,2.383,2.463,2.557,2.678,2.837,3.003,3.232,3.471,3.682,3.86,4.092,4.332,4.592,4.933,5.36,5.794,6.302,6.864,7.379,7.787,8.094,8.513,8.916,9.321,9.767,10.234,10.585,10.931,11.43,12.114,12.737,13.583,14.415,14.971,15.117,15.282,15.363,15.546,16.066,16.966,17.949,19.178,20.453,21.798,22.91,23.831,24.768,25.8,26.884,27.942,28.914,30.005,31.272,32.427,33.365,34.095,34.53,35.906
1.347,1.686,1.875,2.003,2.084,2.062,1.981,1.919,1.899,1.877,1.844,1.803,1.782,1.769,1.767,1.797,1.865,1.941,2.009,2.087,2.201,2.351,2.512,2.718,2.935,3.137,3.309,3.536,3.757,4.006,4.321,4.723,5.144,5.648,6.152,6.585,6.833,7.206,7.568,7.926,8.301,8.699,9.104,9.393,9.692,10.138,10.744,11.327,12.121,12.889,13.335,13.394,13.53,13.637,13.858,14.328,15.134,16.225,17.369,18.621,19.699,20.64,21.503,22.458,23.428,24.373,25.167,25.858,26.945,28.121,29.149,29.609,29.914,30.857
0.852,1.053,1.328,1.48,1.582,1.647,1.63,1.567,1.524,1.509,1.496,1.471,1.44,1.424,1.415,1.414,1.439,1.494,1.557,1.613,1.688,1.795,1.937,2.082,2.265,2.466,2.653,2.822,3.028,3.239,3.47,3.768,4.154,4.573,5.02,5.442,5.715,6.026,6.342,6.662,6.992,7.327,7.67,8.005,8.25,8.51,8.894,9.45,10.001,10.73,11.352,11.672,11.706,11.864,12.014,12.211,12.623,13.541,14.547,15.669,16.654,17.552,18.414,19.288,20.17,20.996,21.672,22.188,22.916,23.924,24.957,25.55,25.652,26.356
0.641,0.654,0.815,1.03,1.149,1.228,1.279,1.267,1.223,1.191,1.182,1.174,1.155,1.131,1.12,1.114,1.114,1.134,1.178,1.229,1.282,1.354,1.456,1.581,1.709,1.876,2.056,2.232,2.385,2.578,2.772,2.992,3.28,3.661,4.028,4.399,4.668,4.988,5.247,5.525,5.817,6.111,6.398,6.677,6.958,7.165,7.379,7.732,8.248,8.757,9.338,9.809,10.064,10.133,10.321,10.451,10.617,11.171,12.008,12.992,13.855,14.659,15.465,16.319,17.112,17.844,18.409,18.816,19.385,20.068,20.939,21.581,21.836,22.253
0.575,0.483,0.497,0.62,0.784,0.875,0.937,0.976,0.972,0.939,0.917,0.912,0.906,0.892,0.874,0.866,0.862,0.862,0.878,0.913,0.96,1.011,1.08,1.169,1.276,1.393,1.54,1.704,1.859,2.003,2.178,2.361,2.576,2.863,3.193,3.494,3.726,4.03,4.295,4.52,4.772,5.03,5.278,5.508,5.737,5.972,6.136,6.336,6.668,7.14,7.526,7.959,8.338,8.593,8.698,8.857,8.961,9.284,9.792,10.61,11.345,12.032,12.74,13.526,14.286,14.929,15.41,15.722,16.188,16.723,17.3,17.835,18.167,18.616
0.381,0.425,0.36,0.371,0.463,0.586,0.655,0.701,0.735,0.732,0.71,0.694,0.691,0.687,0.677,0.664,0.658,0.655,0.655,0.668,0.701,0.744,0.793,0.852,0.928,1.023,1.125,1.256,1.398,1.539,1.67,1.832,2.01,2.226,2.472,2.739,2.921,3.18,3.429,3.656,3.858,4.077,4.292,4.487,4.672,4.861,5.047,5.201,5.395,5.7,6.054,6.321,6.664,7.015,7.271,7.357,7.483,7.736,8.039,8.556,9.143,9.71,10.306,10.986,11.674,12.281,12.686,12.932,13.303,13.738,14.18,14.485,14.762,15.188
0.34,0.276,0.31,0.263,0.271,0.339,0.429,0.48,0.518,0.544,0.543,0.528,0.516,0.514,0.512,0.505,0.495,0.491,0.489,0.489,0.503,0.533,0.572,0.614,0.664,0.731,0.812,0.902,1.014,1.14,1.265,1.385,1.54,1.718,1.901,2.096,2.258,2.462,2.672,2.882,3.081,3.254,3.432,3.597,3.752,3.903,4.051,4.22,4.37,4.551,4.764,5.005,5.208,5.518,5.846,6.055,6.118,6.371,6.607,6.936,7.268,7.702,8.185,8.752,9.339,9.878,10.256,10.448,10.747,11.089,11.441,11.648,11.765,12.076
0.255,0.241,0.197,0.222,0.188,0.194,0.243,0.308,0.348,0.375,0.395,0.396,0.384,0.376,0.375,0.374,0.368,0.362,0.359,0.357,0.361,0.375,0.402,0.435,0.47,0.514,0.569,0.64,0.716,0.813,0.922,1.034,1.149,1.301,1.449,1.591,1.701,1.878,2.041,2.215,2.396,2.563,2.7,2.833,2.962,3.087,3.204,3.338,3.495,3.633,3.745,3.872,4.052,4.238,4.524,4.788,4.951,5.133,5.361,5.619,5.797,6.018,6.381,6.836,7.317,7.767,8.094,8.273,8.514,8.786,9.055,9.201,9.266,9.397
0.167,0.177,0.168,0.137,0.155,0.131,0.136,0.17,0.218,0.246,0.267,0.282,0.282,0.274,0.269,0.268,0.267,0.263,0.259,0.257,0.258,0.264,0.277,0.299,0.326,0.356,0.392,0.44,0.498,0.564,0.647,0.742,0.846,0.958,1.084,1.197,1.271,1.396,1.535,1.667,1.816,1.964,2.094,2.193,2.296,2.399,2.494,2.598,2.722,2.861,2.94,2.987,3.075,3.236,3.413,3.638,3.843,4.084,4.248,4.483,4.61,4.707,4.89,5.231,5.609,5.969,6.232,6.385,6.602,6.817,7.023,7.119,7.158,7.209
0.07,0.113,0.12,0.114,0.094,0.105,0.09,0.093,0.117,0.151,0.171,0.186,0.196,0.197,0.191,0.188,0.187,0.186,0.184,0.181,0.181,0.184,0.191,0.202,0.22,0.242,0.266,0.297,0.336,0.386,0.441,0.513,0.598,0.696,0.788,0.882,0.94,1.027,1.123,1.235,1.346,1.465,1.579,1.673,1.747,1.827,1.904,1.988,2.084,2.192,2.273,2.298,2.323,2.406,2.556,2.691,2.862,3.112,3.315,3.486,3.602,3.662,3.742,3.925,4.204,4.478,4.68,4.798,4.983,5.171,5.328,5.392,5.411,5.411
0.045,0.046,0.075,0.08,0.076,0.062,0.07,0.06,0.062,0.079,0.102,0.116,0.126,0.133,0.134,0.13,0.128,0.127,0.127,0.126,0.125,0.126,0.13,0.136,0.145,0.16,0.177,0.197,0.222,0.255,0.296,0.344,0.407,0.486,0.564,0.632,0.681,0.748,0.813,0.889,0.981,1.069,1.159,1.241,1.31,1.366,1.424,1.491,1.567,1.649,1.708,1.741,1.749,1.78,1.862,1.974,2.072,2.272,2.473,2.661,2.738,2.796,2.841,2.934,3.083,3.277,3.423,3.512,3.663,3.819,3.952,3.997,4.007,3.968
0.046,0.029,0.03,0.049,0.052,0.049,0.04,0.045,0.039,0.041,0.052,0.068,0.077,0.084,0.089,0.089,0.087,0.085,0.085,0.085,0.085,0.085,0.087,0.091,0.095,0.103,0.114,0.129,0.145,0.166,0.192,0.227,0.268,0.326,0.388,0.446,0.479,0.533,0.582,0.633,0.695,0.767,0.832,0.895,0.954,1.006,1.045,1.094,1.153,1.218,1.26,1.28,1.295,1.311,1.349,1.407,1.486,1.61,1.764,1.939,2.039,2.072,2.111,2.17,2.244,2.34,2.437,2.501,2.624,2.75,2.856,2.898,2.907,2.846
0.035,0.029,0.018,0.019,0.031,0.033,0.031,0.025,0.029,0.025,0.027,0.034,0.044,0.05,0.055,0.058,0.058,0.056,0.055,0.055,0.056,0.056,0.057,0.059,0.062,0.066,0.072,0.081,0.092,0.106,0.122,0.144,0.174,0.212,0.256,0.302,0.331,0.368,0.407,0.445,0.486,0.534,0.586,0.631,0.676,0.719,0.754,0.787,0.83,0.879,0.911,0.923,0.93,0.949,0.971,0.996,1.035,1.127,1.221,1.35,1.447,1.5,1.52,1.567,1.612,1.654,1.691,1.734,1.831,1.932,2.012,2.045,2.059,1.997
0.024,0.022,0.018,0.011,0.012,0.019,0.02,0.019,0.016,0.018,0.016,0.017,0.022,0.028,0.032,0.035,0.037,0.037,0.036,0.035,0.035,0.036,0.037,0.038,0.04,0.042,0.045,0.05,0.057,0.066,0.076,0.09,0.109,0.135,0.164,0.196,0.219,0.25,0.276,0.306,0.336,0.367,0.4,0.435,0.466,0.498,0.528,0.556,0.585,0.62,0.644,0.652,0.654,0.665,0.686,0.7,0.715,0.765,0.831,0.91,0.98,1.035,1.068,1.094,1.129,1.151,1.159,1.171,1.248,1.327,1.386,1.407,1.421,1.367
0.012,0.015,0.013,0.011,0.007,0.007,0.011,0.012,0.012,0.01,0.011,0.01,0.01,0.013,0.017,0.02,0.021,0.023,0.023,0.022,0.022,0.022,0.023,0.024,0.025,0.026,0.028,0.031,0.034,0.04,0.047,0.055,0.067,0.083,0.103,0.123,0.139,0.163,0.184,0.204,0.226,0.248,0.27,0.291,0.315,0.337,0.358,0.381,0.405,0.428,0.444,0.449,0.45,0.456,0.469,0.483,0.49,0.515,0.55,0.604,0.642,0.681,0.715,0.746,0.764,0.782,0.781,0.781,0.834,0.896,0.937,0.949,0.957,0.913
0.018,0.016,0.019,0.018,0.014,0.012,0.01,0.012,0.014,0.014,0.013,0.014,0.014,0.013,0.016,0.019,0.023,0.027,0.029,0.029,0.03,0.032,0.032,0.035,0.035,0.038,0.04,0.043,0.047,0.053,0.062,0.075,0.091,0.115,0.145,0.178,0.203,0.241,0.282,0.329,0.374,0.421,0.466,0.507,0.544,0.587,0.626,0.669,0.721,0.776,0.808,0.815,0.813,0.82,0.84,0.86,0.875,0.897,0.922,0.968,1.015,1.059,1.097,1.154,1.205,1.238,1.251,1.256,1.309,1.386,1.464,1.509,1.545,1.439
